Months_of_Experience_Range,count
3 -> 12,2742.3333333333335
18 -> 36,3035.6666666666665
48 -> 72,2174.0
84 -> 120,195.33333333333334
